category|datatype|kind|header
/|/CDocument|structure|root_types.h
/|/CFileException|structure|root_types.h
/|/CityDialogController|structure|root_types.h
/|/IMAGE_RESOURCE_DIRECTORY_ENTRY_DirectoryStruct|structure|root_types.h
/|/IMAGE_RESOURCE_DIRECTORY_ENTRY_DirectoryUnion|union|root_types.h
/|/LandSaleEvent|structure|root_types.h
/|/T2PictToggleButton|structure|root_types.h
/|/T2PictureButton|structure|root_types.h
/|/TacticalBattleController|structure|root_types.h
/|/TacticalBattleUnit|structure|root_types.h
/|/TacticalBattleView|structure|root_types.h
/|/TacticalHexCoord|structure|root_types.h
/|/TAdmiral|structure|root_types.h
/|/TAlwaysPictureButton|structure|root_types.h
/|/TAmbitFileBasedDocument|structure|root_types.h
/|/TAmtBar|structure|root_types.h
/|/TAnimator|structure|root_types.h
/|/TApplication|structure|root_types.h
/|/TArmyBattle|structure|root_types.h
/|/TArmyInfoView|structure|root_types.h
/|/TArmyMgr|structure|root_types.h
/|/TArmyMission|structure|root_types.h
/|/TArmyPlacard|structure|root_types.h
/|/TArmyPlayer|structure|root_types.h
/|/TArmyStack|structure|root_types.h
/|/TArmyStackList|structure|root_types.h
/|/TArmyTacUnit|structure|root_types.h
/|/TArmyToolbar|structure|root_types.h
/|/TArmyUnitLine|structure|root_types.h
/|/TArmyUnitView|structure|root_types.h
/|/TArrowsControl|structure|root_types.h
/|/TaskList|structure|root_types.h
/|/TAssetMgr|structure|root_types.h
/|/TAttackProvinceMission|structure|root_types.h
/|/TAutoGreatPower|structure|root_types.h
/|/TBackgroundPicture|structure|root_types.h
/|/TBeachheadMission|structure|root_types.h
/|/TBehavior|structure|root_types.h
/|/TBismarckMinister|structure|root_types.h
/|/TBlockadePortMission|structure|root_types.h
/|/TBoycottButton|structure|root_types.h
/|/TBuildingConstructionView|structure|root_types.h
/|/TBuildingView|structure|root_types.h
/|/TBullyMinister|structure|root_types.h
/|/TButton|structure|root_types.h
/|/TCityBarCluster|structure|root_types.h
/|/TCivAnimation|structure|root_types.h
/|/TCivDescription|structure|root_types.h
/|/TCivilianButton|structure|root_types.h
/|/TCivMgr|structure|root_types.h
/|/TCivReport|structure|root_types.h
/|/TCivToolbar|structure|root_types.h
/|/TClickZone|structure|root_types.h
/|/TCloseButton|structure|root_types.h
/|/TCloseParentButton|structure|root_types.h
/|/TClosePicture|structure|root_types.h
/|/TCluster|structure|root_types.h
/|/TColorKeyButton|structure|root_types.h
/|/TColorKeyPicture|structure|root_types.h
/|/TCombatReportView|structure|root_types.h
/|/TCommand|structure|root_types.h
/|/TCommodityLine|structure|root_types.h
/|/TControl|structure|root_types.h
/|/TControlSeaZoneMission|structure|root_types.h
/|/TCountingStream|structure|root_types.h
/|/TCountry|structure|root_types.h
/|/TCtlMgr|structure|root_types.h
/|/TCzechBox|structure|root_types.h
/|/TDealBookPicture|structure|root_types.h
/|/TDealLine|structure|root_types.h
/|/TDealList|structure|root_types.h
/|/TDealTabControl|structure|root_types.h
/|/TDefenderMinister|structure|root_types.h
/|/TDefendProvinceMission|structure|root_types.h
/|/TDefenseMinister|structure|root_types.h
/|/TDefenseMinisterView|structure|root_types.h
/|/TDialogBehavior|structure|root_types.h
/|/TDialogView|structure|root_types.h
/|/TDipDlgCluster|structure|root_types.h
/|/TDiplomacyMapView|structure|root_types.h
/|/TDiplomacyMgr|structure|root_types.h
/|/TDisappearingButton|structure|root_types.h
/|/TDisplayMgr|structure|root_types.h
/|/TDropShadowNumberText|structure|root_types.h
/|/TDropShadowText|structure|root_types.h
/|/TDropShadowTextBehavior|structure|root_types.h
/|/TEscortMission|structure|root_types.h
/|/TEvenCityMinister|structure|root_types.h
/|/TEventHandler|structure|root_types.h
/|/TFileBasedDocument|structure|root_types.h
/|/TFileStream|structure|root_types.h
/|/TFloatWindow|structure|root_types.h
/|/TForeignMinisterView|structure|root_types.h
/|/TFuzzySet|structure|root_types.h
/|/TGameSetupMultiplayerPicture|structure|root_types.h
/|/TGameSetupPicture|structure|root_types.h
/|/TGarrisonView|structure|root_types.h
/|/TGreatPower|structure|root_types.h
/|/TGWorldButton|structure|root_types.h
/|/THandleStream|structure|root_types.h
/|/THelpMgr|structure|root_types.h
/|/THelpPicture|structure|root_types.h
/|/THelpWindow|structure|root_types.h
/|/THotspotBehavior|structure|root_types.h
/|/THQButton|structure|root_types.h
/|/TIconBar|structure|root_types.h
/|/TIconSlider|structure|root_types.h
/|/TIncludeView|structure|root_types.h
/|/TIndustryAmtBar|structure|root_types.h
/|/TIndustryView|structure|root_types.h
/|/TInfoBarBehavior|structure|root_types.h
/|/TInteriorMinister|structure|root_types.h
/|/TInteriorMinisterView|structure|root_types.h
/|/TInvadeMission|structure|root_types.h
/|/TLanguageMgr|structure|root_types.h
/|/TLineData|structure|root_types.h
/|/TLoadSavePicture|structure|root_types.h
/|/TLonelyTileView|structure|root_types.h
/|/TMapDialog|structure|root_types.h
/|/TMapMaker|structure|root_types.h
/|/TMapMgr|structure|root_types.h
/|/TMapPreviewView|structure|root_types.h
/|/TMapUberPicture|structure|root_types.h
/|/TMegaPicture|structure|root_types.h
/|/TMilitaryPageView|structure|root_types.h
/|/TMiniArmyLine|structure|root_types.h
/|/TMiniCivLine|structure|root_types.h
/|/TMiniMapView|structure|root_types.h
/|/TMiniShipLine|structure|root_types.h
/|/TMinor|structure|root_types.h
/|/TMovieView|structure|root_types.h
/|/TMyNumberText|structure|root_types.h
/|/TMyStaticText|structure|root_types.h
/|/TNapoleonMinister|structure|root_types.h
/|/TNavyHumanPlayer|structure|root_types.h
/|/TNavyMission|structure|root_types.h
/|/TNavyPlayer|structure|root_types.h
/|/TNavyRoster|structure|root_types.h
/|/TNavyToolbarCluster|structure|root_types.h
/|/TNetGameSelectPicture|structure|root_types.h
/|/TNetMgr|structure|root_types.h
/|/TNewGameCommand|structure|root_types.h
/|/TNextMoveCommand|structure|root_types.h
/|/TNextTradeCommand|structure|root_types.h
/|/TNoHilitePicture|structure|root_types.h
/|/TNoHiliteText|structure|root_types.h
/|/TNumberedArrowButton|structure|root_types.h
/|/TNumberedIcon|structure|root_types.h
/|/TNumberedItem|structure|root_types.h
/|/TNumberText|structure|root_types.h
/|/TOceanDialog|structure|root_types.h
/|/TOfferDeskPicture|structure|root_types.h
/|/TOffersPanelView|structure|root_types.h
/|/TOffLimitsPicture|structure|root_types.h
/|/TOnOffRadioButton|structure|root_types.h
/|/TOrderView|structure|root_types.h
/|/TPageView|structure|root_types.h
/|/TPicture|structure|root_types.h
/|/TPictureButton|structure|root_types.h
/|/TPictureNumberText|structure|root_types.h
/|/TPictureRadioButton|structure|root_types.h
/|/TPictureText|structure|root_types.h
/|/TPirateMinister|structure|root_types.h
/|/TPlacard|structure|root_types.h
/|/TPlaceCityDialog|structure|root_types.h
/|/TProductionCluster|structure|root_types.h
/|/TProductionOrder|structure|root_types.h
/|/TProvinceDesirabilityList|structure|root_types.h
/|/TPurchaseCluster|structure|root_types.h
/|/TQueryFloater|structure|root_types.h
/|/TradeScreenPicture|structure|root_types.h
/|/TRadioPictureButton|structure|root_types.h
/|/TRadioTextCluster|structure|root_types.h
/|/TRailAmtBar|structure|root_types.h
/|/TRailCityMinister|structure|root_types.h
/|/TRailheadDialog|structure|root_types.h
/|/TRearFloatWindow|structure|root_types.h
/|/TRightLeftView|structure|root_types.h
/|/TScatteredShipsMission|structure|root_types.h
/|/TScrollerButton|structure|root_types.h
/|/TSetupRandomMapPicture|structure|root_types.h
/|/TShip|structure|root_types.h
/|/TShipAmtBar|structure|root_types.h
/|/TShipBuilderCityMinister|structure|root_types.h
/|/TShipLine|structure|root_types.h
/|/TShipPlacard|structure|root_types.h
/|/TShipyardCluster|structure|root_types.h
/|/TShipyardView|structure|root_types.h
/|/TSidewaysArrow|structure|root_types.h
/|/TSimMgr|structure|root_types.h
/|/TSliderPicture|structure|root_types.h
/|/TSortedByRelationshipList|structure|root_types.h
/|/TSoundPlayer|structure|root_types.h
/|/TStaticText|structure|root_types.h
/|/TStatusButton|structure|root_types.h
/|/TStatusPicture|structure|root_types.h
/|/TSteelCityMinister|structure|root_types.h
/|/TStratReportView|structure|root_types.h
/|/TSuperArmyRoster|structure|root_types.h
/|/TSuperCivRoster|structure|root_types.h
/|/TSuperNavyRoster|structure|root_types.h
/|/TTacArmyView|structure|root_types.h
/|/TTacNavyToolbar|structure|root_types.h
/|/TTacticalBattle|structure|root_types.h
/|/TTechCheater|structure|root_types.h
/|/TTechItemLine|structure|root_types.h
/|/TTechItemView|structure|root_types.h
/|/TTechMgr|structure|root_types.h
/|/TTechStorePage|structure|root_types.h
/|/TTerrainHelpWindow|structure|root_types.h
/|/TTerrainInfoDialog|structure|root_types.h
/|/TTEView|structure|root_types.h
/|/TTextLine|structure|root_types.h
/|/TTextPictureButton|structure|root_types.h
/|/TToggleButton|structure|root_types.h
/|/TToolBarCluster|structure|root_types.h
/|/TTown|structure|root_types.h
/|/TTownNameDialog|structure|root_types.h
/|/TTradeBidNationLine|structure|root_types.h
/|/TTradeMgr|structure|root_types.h
/|/TTradeOfferNationLine|structure|root_types.h
/|/TTradeOrderPicture|structure|root_types.h
/|/TTradePageBuyView|structure|root_types.h
/|/TTradePageSellView|structure|root_types.h
/|/TTradePolicyCluster|structure|root_types.h
/|/TTradeSchoolView|structure|root_types.h
/|/TTradeTotalsLine|structure|root_types.h
/|/TTradeTotalsView|structure|root_types.h
/|/TTransFocusAnimation|structure|root_types.h
/|/TTransportPicture|structure|root_types.h
/|/TUberCluster|structure|root_types.h
/|/TUnitsView|structure|root_types.h
/|/TUnitToolbarCluster|structure|root_types.h
/|/TUniversityView|structure|root_types.h
/|/TUpDownPictureButton|structure|root_types.h
/|/TUpDownView|structure|root_types.h
/|/TView|structure|root_types.h
/|/TWarehouseView|structure|root_types.h
/|/TWarningView|structure|root_types.h
/|/TWindow|structure|root_types.h
/|/TWorldView|structure|root_types.h
/|/TZone|structure|root_types.h
/DOS|/DOS/IMAGE_DOS_HEADER|structure|DOS.h
/Demangler|/Demangler/_TREEITEM|structure|Demangler.h
/Demangler|/Demangler/AFX_MODULE_THREAD_STATE|structure|Demangler.h
/Demangler|/Demangler/AFX_MSGMAP_ENTRY|structure|Demangler.h
/Demangler|/Demangler/CBitmap|structure|Demangler.h
/Demangler|/Demangler/CBrush|structure|Demangler.h
/Demangler|/Demangler/CCmdTarget|structure|Demangler.h
/Demangler|/Demangler/CCmdUI|structure|Demangler.h
/Demangler|/Demangler/CDC|structure|Demangler.h
/Demangler|/Demangler/CDialog|structure|Demangler.h
/Demangler|/Demangler/CException|structure|Demangler.h
/Demangler|/Demangler/CFrameWnd|structure|Demangler.h
/Demangler|/Demangler/CHandleMap|structure|Demangler.h
/Demangler|/Demangler/CImageList|structure|Demangler.h
/Demangler|/Demangler/CListCtrl|structure|Demangler.h
/Demangler|/Demangler/CObArray|structure|Demangler.h
/Demangler|/Demangler/CPaintDC|structure|Demangler.h
/Demangler|/Demangler/CPoint|structure|Demangler.h
/Demangler|/Demangler/CProcessLocalObject|structure|Demangler.h
/Demangler|/Demangler/CRect|structure|Demangler.h
/Demangler|/Demangler/CScrollView|structure|Demangler.h
/Demangler|/Demangler/CSimpleException|structure|Demangler.h
/Demangler|/Demangler/CStatusBarCtrl|structure|Demangler.h
/Demangler|/Demangler/CToolBarCtrl|structure|Demangler.h
/Demangler|/Demangler/CTreeCtrl|structure|Demangler.h
/Demangler|/Demangler/CTypeLibCache|structure|Demangler.h
/Demangler|/Demangler/CView|structure|Demangler.h
/Demangler|/Demangler/CWinThread|structure|Demangler.h
/Demangler|/Demangler/CWnd|structure|Demangler.h
/Imperialism|/Imperialism/EArrowSplitCommandId|enum|Imperialism.h
/Imperialism|/Imperialism/EControlTagFourCC|enum|Imperialism.h
/Imperialism|/Imperialism/EDiplomacyActionCodeRaw|enum|Imperialism.h
/Imperialism|/Imperialism/EDiplomacyProposalCodeRaw|enum|Imperialism.h
/Imperialism|/Imperialism/EDiplomacyRelationCodeRaw|enum|Imperialism.h
/Imperialism|/Imperialism/EHexDirection|enum|Imperialism.h
/Imperialism|/Imperialism/EHexDirectionMask|enum|Imperialism.h
/Imperialism|/Imperialism/EMapInteractionMode|enum|Imperialism.h
/Imperialism|/Imperialism/ETacticalUnitActionClass|enum|Imperialism.h
/Imperialism|/Imperialism/ETacticalUnitCategoryCode|enum|Imperialism.h
/Imperialism|/Imperialism/ETradeUiActionCommandIdRaw|enum|Imperialism.h
/Imperialism|/Imperialism/ETradeUiBitmapId|enum|Imperialism.h
/Imperialism|/Imperialism/ETurnEventFactorySlotId|enum|Imperialism.h
/Imperialism|/Imperialism/ETurnInstructionDispatchIndex|enum|Imperialism.h
/Imperialism|/Imperialism/ETurnInstructionTokenFourCC|enum|Imperialism.h
/Imperialism|/Imperialism/TTurnInstructionHandlerProc|function_definition|Imperialism.h
/Imperialism/Classes|/Imperialism/Classes/CClientDC|structure|Imperialism/Classes.h
/Imperialism/Classes|/Imperialism/Classes/CDC|structure|Imperialism/Classes.h
/Imperialism/Classes|/Imperialism/Classes/CPaintDC|structure|Imperialism/Classes.h
/Imperialism/Classes|/Imperialism/Classes/CWindowDC|structure|Imperialism/Classes.h
/Imperialism/Classes|/Imperialism/Classes/DiplomacyTurnStateManager|structure|Imperialism/Classes.h
/Imperialism/Classes|/Imperialism/Classes/InterNationEventQueueManager|structure|Imperialism/Classes.h
/Imperialism/Classes|/Imperialism/Classes/InterNationEventRecord|structure|Imperialism/Classes.h
/Imperialism/Classes|/Imperialism/Classes/NationInteractionStateManager|structure|Imperialism/Classes.h
/Imperialism/Classes|/Imperialism/Classes/NationInteractionStateRow|structure|Imperialism/Classes.h
/Imperialism/Classes|/Imperialism/Classes/ScopedMapQuickDrawContext|structure|Imperialism/Classes.h
/Imperialism/Classes|/Imperialism/Classes/TMacViewMgr|structure|Imperialism/Classes.h
/Imperialism/Classes|/Imperialism/Classes/UiTransientObjectRegistry|structure|Imperialism/Classes.h
/Imperialism/Enums|/Imperialism/Enums/ECivilianClassId|enum|Imperialism/Enums.h
/Imperialism/Enums|/Imperialism/Enums/ECivilianTileActionCode|enum|Imperialism/Enums.h
/Imperialism/Enums|/Imperialism/Enums/ECivilianWorkOrderType|enum|Imperialism/Enums.h
/Imperialism/Enums|/Imperialism/Enums/InterNationEventCode|enum|Imperialism/Enums.h
/Imperialism/MapGen|/Imperialism/MapGen/TMapMakerGenerationState|structure|Imperialism/MapGen.h
/Imperialism/String|/Imperialism/String/STSharedStringRef|structure|Imperialism/String.h
/Imperialism/Structs|/Imperialism/Structs/TCivilianOrderState|structure|Imperialism/Structs.h
/Imperialism/Structs|/Imperialism/Structs/TCivilianTargetProfilePanelContext|structure|Imperialism/Structs.h
/Imperialism/TurnEvent|/Imperialism/TurnEvent/STurnEventFactoryPacket|structure|Imperialism/TurnEvent.h
/Imperialism/TurnInstruction|/Imperialism/TurnInstruction/STurnInstruction_Army|structure|Imperialism/TurnInstruction.h
/Imperialism/TurnInstruction|/Imperialism/TurnInstruction/STurnInstruction_Capa|structure|Imperialism/TurnInstruction.h
/Imperialism/TurnInstruction|/Imperialism/TurnInstruction/STurnInstruction_Cash|structure|Imperialism/TurnInstruction.h
/Imperialism/TurnInstruction|/Imperialism/TurnInstruction/STurnInstruction_Civi|structure|Imperialism/TurnInstruction.h
/Imperialism/TurnInstruction|/Imperialism/TurnInstruction/STurnInstruction_Cnam|structure|Imperialism/TurnInstruction.h
/Imperialism/TurnInstruction|/Imperialism/TurnInstruction/STurnInstruction_Coun|structure|Imperialism/TurnInstruction.h
/Imperialism/TurnInstruction|/Imperialism/TurnInstruction/STurnInstruction_Deve|structure|Imperialism/TurnInstruction.h
/Imperialism/TurnInstruction|/Imperialism/TurnInstruction/STurnInstruction_Emba|structure|Imperialism/TurnInstruction.h
/Imperialism/TurnInstruction|/Imperialism/TurnInstruction/STurnInstruction_Flag|structure|Imperialism/TurnInstruction.h
/Imperialism/TurnInstruction|/Imperialism/TurnInstruction/STurnInstruction_Labo|structure|Imperialism/TurnInstruction.h
/Imperialism/TurnInstruction|/Imperialism/TurnInstruction/STurnInstruction_Pnam|structure|Imperialism/TurnInstruction.h
/Imperialism/TurnInstruction|/Imperialism/TurnInstruction/STurnInstruction_Port|structure|Imperialism/TurnInstruction.h
/Imperialism/TurnInstruction|/Imperialism/TurnInstruction/STurnInstruction_Pric|structure|Imperialism/TurnInstruction.h
/Imperialism/TurnInstruction|/Imperialism/TurnInstruction/STurnInstruction_Prov|structure|Imperialism/TurnInstruction.h
/Imperialism/TurnInstruction|/Imperialism/TurnInstruction/STurnInstruction_Rail|structure|Imperialism/TurnInstruction.h
/Imperialism/TurnInstruction|/Imperialism/TurnInstruction/STurnInstruction_Rela|structure|Imperialism/TurnInstruction.h
/Imperialism/TurnInstruction|/Imperialism/TurnInstruction/STurnInstruction_Ship|structure|Imperialism/TurnInstruction.h
/Imperialism/TurnInstruction|/Imperialism/TurnInstruction/STurnInstruction_Tbar|structure|Imperialism/TurnInstruction.h
/Imperialism/TurnInstruction|/Imperialism/TurnInstruction/STurnInstruction_Tclr|structure|Imperialism/TurnInstruction.h
/Imperialism/TurnInstruction|/Imperialism/TurnInstruction/STurnInstruction_Tech|structure|Imperialism/TurnInstruction.h
/Imperialism/TurnInstruction|/Imperialism/TurnInstruction/STurnInstruction_Tran|structure|Imperialism/TurnInstruction.h
/Imperialism/TurnInstruction|/Imperialism/TurnInstruction/STurnInstruction_Trea|structure|Imperialism/TurnInstruction.h
/Imperialism/TurnInstruction|/Imperialism/TurnInstruction/STurnInstruction_Tyer|structure|Imperialism/TurnInstruction.h
/Imperialism/TurnInstruction|/Imperialism/TurnInstruction/STurnInstruction_Ware|structure|Imperialism/TurnInstruction.h
/Imperialism/TurnInstruction|/Imperialism/TurnInstruction/STurnInstruction_Year|structure|Imperialism/TurnInstruction.h
/Imperialism/TurnInstruction|/Imperialism/TurnInstruction/STurnInstruction_Zone|structure|Imperialism/TurnInstruction.h
/Imperialism/UMapper|/Imperialism/UMapper/TOverlayQuadBorderLinkArrayState16|structure|Imperialism/UMapper.h
/Imperialism/UMapper|/Imperialism/UMapper/TOverlayQuadBorderLinkRecord16|structure|Imperialism/UMapper.h
/Imperialism/UMapper|/Imperialism/UMapper/TOverlaySpanRecord24|structure|Imperialism/UMapper.h
/Imperialism/UMapper|/Imperialism/UMapper/TOverlaySpanRecordArrayState24|structure|Imperialism/UMapper.h
/PE|/PE/IMAGE_DATA_DIRECTORY|structure|PE.h
/PE|/PE/IMAGE_FILE_HEADER|structure|PE.h
/PE|/PE/IMAGE_NT_HEADERS32|structure|PE.h
/PE|/PE/IMAGE_OPTIONAL_HEADER32|structure|PE.h
/PE|/PE/IMAGE_RESOURCE_DATA_ENTRY|structure|PE.h
/PE|/PE/IMAGE_RESOURCE_DIR_STRING_U_12|structure|PE.h
/PE|/PE/IMAGE_RESOURCE_DIRECTORY|structure|PE.h
/PE|/PE/IMAGE_RESOURCE_DIRECTORY_ENTRY|structure|PE.h
/PE|/PE/IMAGE_RESOURCE_DIRECTORY_ENTRY_NameStruct|structure|PE.h
/PE|/PE/IMAGE_RESOURCE_DIRECTORY_ENTRY_NameUnion|union|PE.h
/PE|/PE/IMAGE_SECTION_HEADER|structure|PE.h
/PE|/PE/Misc|union|PE.h
/PE|/PE/SectionFlags|enum|PE.h
/PE|/PE/StringFileInfo|structure|PE.h
/PE|/PE/StringInfo|structure|PE.h
/PE|/PE/StringTable|structure|PE.h
/PE|/PE/Var|structure|PE.h
/PE|/PE/VarFileInfo|structure|PE.h
/PE|/PE/VS_VERSION_INFO|structure|PE.h
/auto_structs|/auto_structs/astruct|structure|auto_structs.h
/auto_structs|/auto_structs/astruct_1|structure|auto_structs.h
/auto_structs|/auto_structs/astruct_10|structure|auto_structs.h
/auto_structs|/auto_structs/astruct_11|structure|auto_structs.h
/auto_structs|/auto_structs/astruct_12|structure|auto_structs.h
/auto_structs|/auto_structs/astruct_13|structure|auto_structs.h
/auto_structs|/auto_structs/astruct_14|structure|auto_structs.h
/auto_structs|/auto_structs/astruct_15|structure|auto_structs.h
/auto_structs|/auto_structs/astruct_16|structure|auto_structs.h
/auto_structs|/auto_structs/astruct_17|structure|auto_structs.h
/auto_structs|/auto_structs/astruct_18|structure|auto_structs.h
/auto_structs|/auto_structs/astruct_19|structure|auto_structs.h
/auto_structs|/auto_structs/astruct_2|structure|auto_structs.h
/auto_structs|/auto_structs/astruct_20|structure|auto_structs.h
/auto_structs|/auto_structs/astruct_21|structure|auto_structs.h
/auto_structs|/auto_structs/astruct_22|structure|auto_structs.h
/auto_structs|/auto_structs/astruct_23|structure|auto_structs.h
/auto_structs|/auto_structs/astruct_24|structure|auto_structs.h
/auto_structs|/auto_structs/astruct_25|structure|auto_structs.h
/auto_structs|/auto_structs/astruct_26|structure|auto_structs.h
/auto_structs|/auto_structs/astruct_27|structure|auto_structs.h
/auto_structs|/auto_structs/astruct_28|structure|auto_structs.h
/auto_structs|/auto_structs/astruct_29|structure|auto_structs.h
/auto_structs|/auto_structs/astruct_3|structure|auto_structs.h
/auto_structs|/auto_structs/astruct_4|structure|auto_structs.h
/auto_structs|/auto_structs/astruct_5|structure|auto_structs.h
/auto_structs|/auto_structs/astruct_6|structure|auto_structs.h
/auto_structs|/auto_structs/astruct_7|structure|auto_structs.h
/auto_structs|/auto_structs/astruct_8|structure|auto_structs.h
/auto_structs|/auto_structs/astruct_9|structure|auto_structs.h
/imperialism/classes|/imperialism/classes/CBrush|structure|imperialism/classes.h
/imperialism/classes|/imperialism/classes/CCmdTarget|structure|imperialism/classes.h
/imperialism/classes|/imperialism/classes/CCmdUI|structure|imperialism/classes.h
/imperialism/classes|/imperialism/classes/CDC|structure|imperialism/classes.h
/imperialism/classes|/imperialism/classes/CDialog|structure|imperialism/classes.h
/imperialism/classes|/imperialism/classes/CDocTemplate|structure|imperialism/classes.h
/imperialism/classes|/imperialism/classes/CDocument|structure|imperialism/classes.h
/imperialism/classes|/imperialism/classes/CFileException|structure|imperialism/classes.h
/imperialism/classes|/imperialism/classes/CFrameWnd|structure|imperialism/classes.h
/imperialism/classes|/imperialism/classes/CImageList|structure|imperialism/classes.h
/imperialism/classes|/imperialism/classes/CListCtrl|structure|imperialism/classes.h
/imperialism/classes|/imperialism/classes/CObArray|structure|imperialism/classes.h
/imperialism/classes|/imperialism/classes/CPaintDC|structure|imperialism/classes.h
/imperialism/classes|/imperialism/classes/CProcessLocalObject|structure|imperialism/classes.h
/imperialism/classes|/imperialism/classes/CRect|structure|imperialism/classes.h
/imperialism/classes|/imperialism/classes/CScrollView|structure|imperialism/classes.h
/imperialism/classes|/imperialism/classes/CSimpleException|structure|imperialism/classes.h
/imperialism/classes|/imperialism/classes/CStatusBarCtrl|structure|imperialism/classes.h
/imperialism/classes|/imperialism/classes/CToolBarCtrl|structure|imperialism/classes.h
/imperialism/classes|/imperialism/classes/CTreeCtrl|structure|imperialism/classes.h
/imperialism/classes|/imperialism/classes/CTypeLibCache|structure|imperialism/classes.h
/imperialism/classes|/imperialism/classes/CWinApp|structure|imperialism/classes.h
/imperialism/classes|/imperialism/classes/CWinThread|structure|imperialism/classes.h
/imperialism/classes|/imperialism/classes/CWnd|structure|imperialism/classes.h
/imperialism/classes|/imperialism/classes/LandSaleEvent|structure|imperialism/classes.h
/imperialism/classes|/imperialism/classes/MinisterView|structure|imperialism/classes.h
/imperialism/classes|/imperialism/classes/TAdorner|structure|imperialism/classes.h
/imperialism/classes|/imperialism/classes/TAmbitApplication|structure|imperialism/classes.h
/imperialism/classes|/imperialism/classes/TAmtBarCluster|structure|imperialism/classes.h
/imperialism/classes|/imperialism/classes/TAnimation|structure|imperialism/classes.h
/imperialism/classes|/imperialism/classes/TArmoryView|structure|imperialism/classes.h
/imperialism/classes|/imperialism/classes/TArmsForeignMinister|structure|imperialism/classes.h
/imperialism/classes|/imperialism/classes/TArmyBoyView|structure|imperialism/classes.h
/imperialism/classes|/imperialism/classes/TArmyCheckBox|structure|imperialism/classes.h
/imperialism/classes|/imperialism/classes/TAutomatedPlayDialog|structure|imperialism/classes.h
/imperialism/classes|/imperialism/classes/TBatRepDetLine|structure|imperialism/classes.h
/imperialism/classes|/imperialism/classes/TBattleDetailBook|structure|imperialism/classes.h
/imperialism/classes|/imperialism/classes/TBattleReportView|structure|imperialism/classes.h
/imperialism/classes|/imperialism/classes/TBattleUnitsView|structure|imperialism/classes.h
/imperialism/classes|/imperialism/classes/TBillForeignMinister|structure|imperialism/classes.h
/imperialism/classes|/imperialism/classes/TBook|structure|imperialism/classes.h
/imperialism/classes|/imperialism/classes/TBuildingExpansionView|structure|imperialism/classes.h
/imperialism/classes|/imperialism/classes/TCancelGameOptionsCommand|structure|imperialism/classes.h
/imperialism/classes|/imperialism/classes/TCapacityOrder|structure|imperialism/classes.h
/imperialism/classes|/imperialism/classes/TCheater|structure|imperialism/classes.h
/imperialism/classes|/imperialism/classes/TCity|structure|imperialism/classes.h
/imperialism/classes|/imperialism/classes/TCityInteriorMinister|structure|imperialism/classes.h
/imperialism/classes|/imperialism/classes/TCityProductionView|structure|imperialism/classes.h
/imperialism/classes|/imperialism/classes/TCitySiteView|structure|imperialism/classes.h
/imperialism/classes|/imperialism/classes/TCityTask|structure|imperialism/classes.h
/imperialism/classes|/imperialism/classes/TCivAnimation2|structure|imperialism/classes.h
/imperialism/classes|/imperialism/classes/TCivUnit|structure|imperialism/classes.h
/imperialism/classes|/imperialism/classes/TClientGreatPower|structure|imperialism/classes.h
/imperialism/classes|/imperialism/classes/TColorFill|structure|imperialism/classes.h
/imperialism/classes|/imperialism/classes/TCommandHandler|structure|imperialism/classes.h
/imperialism/classes|/imperialism/classes/TCouncilPanelView|structure|imperialism/classes.h
/imperialism/classes|/imperialism/classes/TCouncilTickerAnimation|structure|imperialism/classes.h
/imperialism/classes|/imperialism/classes/TCouncilView|structure|imperialism/classes.h
/imperialism/classes|/imperialism/classes/TCreditsPicture|structure|imperialism/classes.h
/imperialism/classes|/imperialism/classes/TDeluxeText|structure|imperialism/classes.h
/imperialism/classes|/imperialism/classes/TDiplomatForeignMinister|structure|imperialism/classes.h
/imperialism/classes|/imperialism/classes/TDlgWindow|structure|imperialism/classes.h
/imperialism/classes|/imperialism/classes/TDocument|structure|imperialism/classes.h
/imperialism/classes|/imperialism/classes/TEditText|structure|imperialism/classes.h
/imperialism/classes|/imperialism/classes/TEngineerDialog|structure|imperialism/classes.h
/imperialism/classes|/imperialism/classes/TEvent|structure|imperialism/classes.h
/imperialism/classes|/imperialism/classes/TExpansionOrder|structure|imperialism/classes.h
/imperialism/classes|/imperialism/classes/TFlagOptionsPicture|structure|imperialism/classes.h
/imperialism/classes|/imperialism/classes/TFocusAnimation|structure|imperialism/classes.h
/imperialism/classes|/imperialism/classes/TFoodProcessingOrder|structure|imperialism/classes.h
/imperialism/classes|/imperialism/classes/TForeignMinister|structure|imperialism/classes.h
/imperialism/classes|/imperialism/classes/TFrameRadioView|structure|imperialism/classes.h
/imperialism/classes|/imperialism/classes/TFuzzyVar|structure|imperialism/classes.h
/imperialism/classes|/imperialism/classes/TGameInfoPicture|structure|imperialism/classes.h
/imperialism/classes|/imperialism/classes/TGamePreferencesPicture|structure|imperialism/classes.h
/imperialism/classes|/imperialism/classes/TGameScorePicture|structure|imperialism/classes.h
/imperialism/classes|/imperialism/classes/TGameSetupDialog|structure|imperialism/classes.h
/imperialism/classes|/imperialism/classes/TGameWindow|structure|imperialism/classes.h
/imperialism/classes|/imperialism/classes/TGPCheater|structure|imperialism/classes.h
/imperialism/classes|/imperialism/classes/TGPTreatyDialog|structure|imperialism/classes.h
/imperialism/classes|/imperialism/classes/TGrantsView|structure|imperialism/classes.h
/imperialism/classes|/imperialism/classes/TGWorldPartView|structure|imperialism/classes.h
/imperialism/classes|/imperialism/classes/TGWorldPeeker|structure|imperialism/classes.h
/imperialism/classes|/imperialism/classes/THighScoresPicture|structure|imperialism/classes.h
/imperialism/classes|/imperialism/classes/THostGreatPower|structure|imperialism/classes.h
/imperialism/classes|/imperialism/classes/TIdleMeAnimation|structure|imperialism/classes.h
/imperialism/classes|/imperialism/classes/TIndexAndRankList|structure|imperialism/classes.h
/imperialism/classes|/imperialism/classes/TIndustryCluster|structure|imperialism/classes.h
/imperialism/classes|/imperialism/classes/TInfoBarPictureText|structure|imperialism/classes.h
/imperialism/classes|/imperialism/classes/TInfoBarText|structure|imperialism/classes.h
/imperialism/classes|/imperialism/classes/TInfoPanelView|structure|imperialism/classes.h
/imperialism/classes|/imperialism/classes/TInterruptusView|structure|imperialism/classes.h
/imperialism/classes|/imperialism/classes/TItemBoyView|structure|imperialism/classes.h
/imperialism/classes|/imperialism/classes/TItemOrder|structure|imperialism/classes.h
/imperialism/classes|/imperialism/classes/TJoinSelectorDialog|structure|imperialism/classes.h
/imperialism/classes|/imperialism/classes/TLaborPool|structure|imperialism/classes.h
/imperialism/classes|/imperialism/classes/TLandSaleEvent|structure|imperialism/classes.h
/imperialism/classes|/imperialism/classes/TList|structure|imperialism/classes.h
/imperialism/classes|/imperialism/classes/TLoungeDialog|structure|imperialism/classes.h
/imperialism/classes|/imperialism/classes/TMadnessButton|structure|imperialism/classes.h
/imperialism/classes|/imperialism/classes/TMapEditCluster|structure|imperialism/classes.h
/imperialism/classes|/imperialism/classes/TMapEditView|structure|imperialism/classes.h
/imperialism/classes|/imperialism/classes/TMapKey|structure|imperialism/classes.h
/imperialism/classes|/imperialism/classes/TMapMaker_CityRegionGenerationCallbacks|structure|imperialism/classes.h
/imperialism/classes|/imperialism/classes/TMapUberUberPicture|structure|imperialism/classes.h
/imperialism/classes|/imperialism/classes/TMerchantBoyView|structure|imperialism/classes.h
/imperialism/classes|/imperialism/classes/TMilitaryUnit|structure|imperialism/classes.h
/imperialism/classes|/imperialism/classes/TMiniArmyView|structure|imperialism/classes.h
/imperialism/classes|/imperialism/classes/TMiniCivView|structure|imperialism/classes.h
/imperialism/classes|/imperialism/classes/TMiniShipView|structure|imperialism/classes.h
/imperialism/classes|/imperialism/classes/TMinister|structure|imperialism/classes.h
/imperialism/classes|/imperialism/classes/TMinisterView|structure|imperialism/classes.h
/imperialism/classes|/imperialism/classes/TMinorRelationshipDialog|structure|imperialism/classes.h
/imperialism/classes|/imperialism/classes/TMinorTradeBidsDialog|structure|imperialism/classes.h
/imperialism/classes|/imperialism/classes/TMinorTreatyDialog|structure|imperialism/classes.h
/imperialism/classes|/imperialism/classes/TMission|structure|imperialism/classes.h
/imperialism/classes|/imperialism/classes/TModalMessageCommand|structure|imperialism/classes.h
/imperialism/classes|/imperialism/classes/TMultiMessagePicture|structure|imperialism/classes.h
/imperialism/classes|/imperialism/classes/TMultiplayerMgr|structure|imperialism/classes.h
/imperialism/classes|/imperialism/classes/TNavyAutoPlayer|structure|imperialism/classes.h
/imperialism/classes|/imperialism/classes/TNavyBattle|structure|imperialism/classes.h
/imperialism/classes|/imperialism/classes/TNavyBoyView|structure|imperialism/classes.h
/imperialism/classes|/imperialism/classes/TNavyMgr|structure|imperialism/classes.h
/imperialism/classes|/imperialism/classes/TNavyTacUnit|structure|imperialism/classes.h
/imperialism/classes|/imperialism/classes/TNetSelectPicture|structure|imperialism/classes.h
/imperialism/classes|/imperialism/classes/TNewsMgr|structure|imperialism/classes.h
/imperialism/classes|/imperialism/classes/TNewspaperView|structure|imperialism/classes.h
/imperialism/classes|/imperialism/classes/TNewTownView|structure|imperialism/classes.h
/imperialism/classes|/imperialism/classes/TNextDiplomationCommand|structure|imperialism/classes.h
/imperialism/classes|/imperialism/classes/TNominationView|structure|imperialism/classes.h
/imperialism/classes|/imperialism/classes/TObject|structure|imperialism/classes.h
/imperialism/classes|/imperialism/classes/TOcean|structure|imperialism/classes.h
/imperialism/classes|/imperialism/classes/TOneTimeAnimation|structure|imperialism/classes.h
/imperialism/classes|/imperialism/classes/TOrItemOrder|structure|imperialism/classes.h
/imperialism/classes|/imperialism/classes/TOverlayRadioButton|structure|imperialism/classes.h
/imperialism/classes|/imperialism/classes/TPageCorner|structure|imperialism/classes.h
/imperialism/classes|/imperialism/classes/TPanelView|structure|imperialism/classes.h
/imperialism/classes|/imperialism/classes/TPictureLine|structure|imperialism/classes.h
/imperialism/classes|/imperialism/classes/TPopGrowthOrder|structure|imperialism/classes.h
/imperialism/classes|/imperialism/classes/TPopulationMgr|structure|imperialism/classes.h
/imperialism/classes|/imperialism/classes/TPortZone|structure|imperialism/classes.h
/imperialism/classes|/imperialism/classes/TPoseMessageDialog|structure|imperialism/classes.h
/imperialism/classes|/imperialism/classes/TPowerPlantOrder|structure|imperialism/classes.h
/imperialism/classes|/imperialism/classes/TProxyGreatPower|structure|imperialism/classes.h
/imperialism/classes|/imperialism/classes/TPtrList|structure|imperialism/classes.h
/imperialism/classes|/imperialism/classes/TRadio|structure|imperialism/classes.h
/imperialism/classes|/imperialism/classes/TRadioText|structure|imperialism/classes.h
/imperialism/classes|/imperialism/classes/TRailCluster|structure|imperialism/classes.h
/imperialism/classes|/imperialism/classes/TRelationshipDialog|structure|imperialism/classes.h
/imperialism/classes|/imperialism/classes/TRemoteGreatPower|structure|imperialism/classes.h
/imperialism/classes|/imperialism/classes/TRemoteMinor|structure|imperialism/classes.h
/imperialism/classes|/imperialism/classes/TScenarioChooser|structure|imperialism/classes.h
/imperialism/classes|/imperialism/classes/TScoreGraph|structure|imperialism/classes.h
/imperialism/classes|/imperialism/classes/TScrollBarView|structure|imperialism/classes.h
/imperialism/classes|/imperialism/classes/TScroller|structure|imperialism/classes.h
/imperialism/classes|/imperialism/classes/TScrollView|structure|imperialism/classes.h
/imperialism/classes|/imperialism/classes/TSelectoText|structure|imperialism/classes.h
/imperialism/classes|/imperialism/classes/TShipBuildingTask|structure|imperialism/classes.h
/imperialism/classes|/imperialism/classes/TShipFractionCluster|structure|imperialism/classes.h
/imperialism/classes|/imperialism/classes/TShipOrder|structure|imperialism/classes.h
/imperialism/classes|/imperialism/classes/TShipView|structure|imperialism/classes.h
/imperialism/classes|/imperialism/classes/TSortByPriceList|structure|imperialism/classes.h
/imperialism/classes|/imperialism/classes/TSortedList|structure|imperialism/classes.h
/imperialism/classes|/imperialism/classes/TSortedPtrList|structure|imperialism/classes.h
/imperialism/classes|/imperialism/classes/TSpaceCommand|structure|imperialism/classes.h
/imperialism/classes|/imperialism/classes/TSpecialQuitPicture|structure|imperialism/classes.h
/imperialism/classes|/imperialism/classes/TStream|structure|imperialism/classes.h
/imperialism/classes|/imperialism/classes/TSwapperDaddyView|structure|imperialism/classes.h
/imperialism/classes|/imperialism/classes/TTacMapUberPicture|structure|imperialism/classes.h
/imperialism/classes|/imperialism/classes/TTacticalAdiosPicture|structure|imperialism/classes.h
/imperialism/classes|/imperialism/classes/TTacticalBattleView|structure|imperialism/classes.h
/imperialism/classes|/imperialism/classes/TTacticalHolaPicture|structure|imperialism/classes.h
/imperialism/classes|/imperialism/classes/TTacticalPlayer|structure|imperialism/classes.h
/imperialism/classes|/imperialism/classes/TTacticalToolbar|structure|imperialism/classes.h
/imperialism/classes|/imperialism/classes/TTacticalUnit|structure|imperialism/classes.h
/imperialism/classes|/imperialism/classes/TTask|structure|imperialism/classes.h
/imperialism/classes|/imperialism/classes/TTaskForce|structure|imperialism/classes.h
/imperialism/classes|/imperialism/classes/TTaskList|structure|imperialism/classes.h
/imperialism/classes|/imperialism/classes/TTechHistoryView|structure|imperialism/classes.h
/imperialism/classes|/imperialism/classes/TTedForeignMinister|structure|imperialism/classes.h
/imperialism/classes|/imperialism/classes/TTerrainHelpPicture|structure|imperialism/classes.h
/imperialism/classes|/imperialism/classes/TTextileForeignMinister|structure|imperialism/classes.h
/imperialism/classes|/imperialism/classes/TTextList|structure|imperialism/classes.h
/imperialism/classes|/imperialism/classes/TTooltipRelayWindowState|structure|imperialism/classes.h
/imperialism/classes|/imperialism/classes/TTradeBidNationView|structure|imperialism/classes.h
/imperialism/classes|/imperialism/classes/TTradeBookView|structure|imperialism/classes.h
/imperialism/classes|/imperialism/classes/TTradeCluster|structure|imperialism/classes.h
/imperialism/classes|/imperialism/classes/TTradeOfferNationView|structure|imperialism/classes.h
/imperialism/classes|/imperialism/classes/TTradePanelView|structure|imperialism/classes.h
/imperialism/classes|/imperialism/classes/TTraderAmtBar|structure|imperialism/classes.h
/imperialism/classes|/imperialism/classes/TTraderForeignMinister|structure|imperialism/classes.h
/imperialism/classes|/imperialism/classes/TTradeScreenPicture|structure|imperialism/classes.h
/imperialism/classes|/imperialism/classes/TTrainingOrder|structure|imperialism/classes.h
/imperialism/classes|/imperialism/classes/TTransportView|structure|imperialism/classes.h
/imperialism/classes|/imperialism/classes/TTreatiesView|structure|imperialism/classes.h
/imperialism/classes|/imperialism/classes/TTurnStartEvent|structure|imperialism/classes.h
/imperialism/classes|/imperialism/classes/TTwoPicSlider|structure|imperialism/classes.h
/imperialism/classes|/imperialism/classes/TUnit|structure|imperialism/classes.h
/imperialism/classes|/imperialism/classes/TUnitOrder|structure|imperialism/classes.h
/imperialism/classes|/imperialism/classes/TurnViewManager|structure|imperialism/classes.h
/imperialism/classes|/imperialism/classes/TViewMgr|structure|imperialism/classes.h
/imperialism/runtime|/imperialism/runtime/TUiResourcePoolState|structure|imperialism/runtime.h
/imperialism/ui|/imperialism/ui/TUiViewBaseSkeleton|structure|imperialism/ui.h
/imperialism/ui|/imperialism/ui/TUiViewBaseVtableSkeleton|structure|imperialism/ui.h
/imperialism/ui|/imperialism/ui/TUiViewSlot0094_ResolveControlByTag|function_definition|imperialism/ui.h
/imperialism/ui|/imperialism/ui/TUiViewSlot01AC_InvokeControlAction|function_definition|imperialism/ui.h
/imperialism/ui|/imperialism/ui/TUiViewSlot01D0_NotifyControlStateChange|function_definition|imperialism/ui.h
/imperialism/ui|/imperialism/ui/TUiViewSlot01D4_NotifyControlSelectionChange|function_definition|imperialism/ui.h
