address,function,vcall_count,offsets,alias_count,code_caller_count,data_ref_count,alias_examples,caller_examples,nearest_vtable_examples
0x0050a9f0,Cluster_Vcall_00_04_2C_0050a9f0,27,0x0;0x4;0x2c,0,0,0,,,
0x00533380,Cluster_Vcall_48_4C_68_00533380,27,0x48;0x4c;0x68;0x78;0x7c;0x84;0x88;0x1a4,0,0,0,,,
0x00520670,Cluster_Vcall_34_84_214_00520670,26,0x34;0x84;0x214;0x218;0x21c;0x220;0x224;0x228;0x22c;0x230,0,0,0,,,
0x00590cb0,Cluster_Vcall_0C_84_C8_00590cb0,25,0xc;0x84;0xc8;0x1b4;0x1c4;0x1cc;0x1e0;0x1ec;0x1f8,0,0,0,,,
0x004ec540,Cluster_Vcall_14_1C_24_004ec540,24,0x14;0x1c;0x24;0x28;0x2c;0x30;0x38;0x3c;0x48;0x4c,0,0,0,,,
0x005b8080,Cluster_Vcall_38_40_44_005b8080,24,0x38;0x40;0x44;0x64,0,0,0,,,
0x004f1b70,Cluster_Vcall_24_28_3C_004f1b70,22,0x24;0x28;0x3c;0x48;0x80;0x214;0x290;0x2a8,0,0,0,,,
0x00531550,Cluster_Vcall_48_4C_68_00531550,21,0x48;0x4c;0x68;0x78;0x84;0x88;0x1a4,0,0,0,,,
0x004d9c70,Cluster_Vcall_14_1C_48_004d9c70,20,0x14;0x1c;0x48;0x4c;0x7c,1,3,4,Cluster_CityHint_004d9c70@00408143,Cluster_CityHint_004d9c70@00408143;FUN_004e73f0@004e73f0;FUN_00541040@00541040,
